CAMINO DE SANTIAGO DE MADRID. ETAPA 1: (Mi casa - Tres Cantos);Arganzuela;29,69 km; 7 horas 39 minutos;Fácil;Solo ida;La ruta con nombre CAMINO DE SANTIAGO DE MADRID. ETAPA 1: (Mi casa - Tres Cantos) por el distrito de Arganzuela es de dificultad Fácil;41;514 m;434 m;774 m;608 m
PARQUE PLANETARIO / RIO MANZANARES;Arganzuela;10,65 km; 2 horas 49 minutos;Fácil;Solo ida;La ruta con nombre PARQUE PLANETARIO / RIO MANZANARES por el distrito de Arganzuela es de dificultad Fácil;37;69 m;144 m;702 m;606 m
Delicias , Mirador del Parque Lineal del Manzanares, Matadero;Arganzuela;9,81 km;560;Fácil;Solo ida;La ruta con nombre Delicias , Mirador del Parque Lineal del Manzanares, Matadero por el distrito de Arganzuela es de dificultad Fácil;26;16 m;40 m;600 m;563 m
Madrid Río: Entrenamiento Camino Santiago - 19 km;Arganzuela;19,3 km; 3 horas 39 minutos;Moderado;Circular;La ruta con nombre Madrid Río: Entrenamiento Camino Santiago - 19 km por el distrito de Arganzuela es de dificultad Moderado;16;66 m;66 m;701 m;614 m
23 01 28 Calderón;Arganzuela;4,42 km; 51 minutos;Moderado;Solo ida;La ruta con nombre 23 01 28 Calderón por el distrito de Arganzuela es de dificultad Moderado;31;29 m;51 m;635 m;575 m
Delicias---- príncipe pio;Arganzuela;7,06 km; una hora 11 minutos;Moderado;Solo ida;La ruta con nombre Delicias---- príncipe pio por el distrito de Arganzuela es de dificultad Moderado;5;15 m;22 m;594 m;567 m
Arganzuela;Arganzuela;7,46 km; 46 minutos;Moderado;Circular;La ruta con nombre Arganzuela por el distrito de Arganzuela es de dificultad Moderado;21;21 m;21 m;618 m;578 m
Arganzuela - El Rastro;Arganzuela;9,05 km; una hora 57 minutos;Fácil;Solo ida;La ruta con nombre Arganzuela - El Rastro por el distrito de Arganzuela es de dificultad Fácil;21;371 m;337 m;686 m;509 m
Puente de Toledo, Puente del Rey y Puente de Segovia desde Arganzuela;Arganzuela;12,07 km; una hora 28 minutos;Moderado;Circular;La ruta con nombre Puente de Toledo, Puente del Rey y Puente de Segovia desde Arganzuela por el distrito de Arganzuela es de dificultad Moderado;19;40 m;40 m;599 m;569 m
Puente de Segovia, Puente del Rey y Puente de Toledo desde Arganzuela;Arganzuela;12,49 km; una hora 55 minutos;Moderado;Circular;La ruta con nombre Puente de Segovia, Puente del Rey y Puente de Toledo desde Arganzuela por el distrito de Arganzuela es de dificultad Moderado;19;33 m;33 m;599 m;569 m
Las Cuatro Torres de Madrid - Chamartín - Opera. 110216;Chamartin;9,12 km; 2 horas 25 minutos;Moderado;Solo ida;La ruta con nombre Las Cuatro Torres de Madrid - Chamartín - Opera. 110216 por el distrito de Chamartin es de dificultad Moderado;5;264 m;439 m;863 m;619 m
Madrid - Segovia;Chamartin;100,81 km; 23 horas 6 minutos;Fácil;Solo ida;La ruta con nombre Madrid - Segovia por el distrito de Chamartin es de dificultad Fácil;38;2.354 m;2.105 m;1.793 m;671 m
[8@] Madrid - Mataelpino (Entreno running/walking);Chamartin;50,79 km; 7 horas 56 minutos;Moderado;Solo ida;La ruta con nombre [8@] Madrid - Mataelpino (Entreno running/walking) por el distrito de Chamartin es de dificultad Moderado;37;870 m;550 m;1.079 m;660 m
Camino de Santiago desde Madrid. Etapa 2. Plaza Castilla Estacion de Cantoblanco;Chamartin;12,62 km; 13 días 22 horas 36 minutos;Moderado;Solo ida;La ruta con nombre Camino de Santiago desde Madrid. Etapa 2. Plaza Castilla Estacion de Cantoblanco por el distrito de Chamartin es de dificultad Moderado;4,3;183 m;181 m;758 m;674 m
Dehesa Villa, Parque Sindical, Casa de Campo, Moncloa;Chamartin;14,41 km; 3 horas 30 minutos;Moderado;Solo ida;La ruta con nombre Dehesa Villa, Parque Sindical, Casa de Campo, Moncloa por el distrito de Chamartin es de dificultad Moderado;26;639 m;790 m;768 m;515 m
Etapa 1 del Camino de Santiago desde Madrid: Madrid (plaza Castilla) - Colmenar Viejo;Chamartin;30,7 km; 8 horas 36 minutos;Difícil;Solo ida;La ruta con nombre Etapa 1 del Camino de Santiago desde Madrid: Madrid (plaza Castilla) - Colmenar Viejo por el distrito de Chamartin es de dificultad Difícil;22;1.300 m;1.182 m;986 m;635 m
ACE TXOKO BEER 2014Madrid-Segovia;Chamartin;104,42 km; 23 horas 31 minutos;Moderado;Solo ida;La ruta con nombre ACE TXOKO BEER 2014Madrid-Segovia por el distrito de Chamartin es de dificultad Moderado;22;1.901 m;1.636 m;1.790 m;666 m
Chamartín - Puerta de Alcalá - Estanque del Retiro - Fuente de los Galapagos - Serrano;Chamartin;8,57 km; una hora 44 minutos;Moderado;Solo ida;La ruta con nombre Chamartín - Puerta de Alcalá - Estanque del Retiro - Fuente de los Galapagos - Serrano por el distrito de Chamartin es de dificultad Moderado;16;14 m;57 m;730 m;670 m
Chamartín - Nuestra Señora Maravillas - Montaña Artificial - Fuente de las gaviotas - Niño Jesús;Chamartin;7,3 km; una hora 22 minutos;Moderado;Solo ida;La ruta con nombre Chamartín - Nuestra Señora Maravillas - Montaña Artificial - Fuente de las gaviotas - Niño Jesús por el distrito de Chamartin es de dificultad Moderado;16;0 m;92 m;713 m;611 m
CIRCULAR A LA CASA DE CAMPO. VISITANDO MADRID-RÍO Y LAS PRINCIPALES CALLES DE ESTA HERMOSA CIUDAD.;Chamartin;46,81 km;2182;Moderado;Circular;La ruta con nombre CIRCULAR A LA CASA DE CAMPO. VISITANDO MADRID-RÍO Y LAS PRINCIPALES CALLES DE ESTA HERMOSA CIUDAD. por el distrito de Chamartin es de dificultad Moderado;16;339 m;340 m;710 m;569 m
Paseo por Parque del Oeste y la casa de campo desde La Mina.;Chamberi;16,92 km; 2 horas 52 minutos;Moderado;Solo ida;La ruta con nombre Paseo por Parque del Oeste y la casa de campo desde La Mina. por el distrito de Chamberi es de dificultad Moderado;41;176 m;179 m;684 m;585 m
Paseo por Malasaña;Chamberi;9,57 km; una hora 27 minutos;Moderado;Circular;La ruta con nombre Paseo por Malasaña por el distrito de Chamberi es de dificultad Moderado;32;54 m;54 m;683 m;650 m
Ruta de las tapas y Copas;Chamberi;5,79 km; 49 minutos;Moderado;Circular;La ruta con nombre Ruta de las tapas y Copas por el distrito de Chamberi es de dificultad Moderado;31;22 m;22 m;701 m;684 m
Parque de la Bombilla, Monumento al General San Martín y Arco de la Victoria desde Chamberí;Chamberi;10,1 km; 2 horas 17 minutos;Fácil;Solo ida;La ruta con nombre Parque de la Bombilla, Monumento al General San Martín y Arco de la Victoria desde Chamberí por el distrito de Chamberi es de dificultad Fácil;27;94 m;93 m;717 m;596 m
RUTA TREMENDA;Chamberi;10,34 km; una hora 33 minutos;Fácil;Circular;La ruta con nombre RUTA TREMENDA por el distrito de Chamberi es de dificultad Fácil;23;45 m;45 m;690 m;648 m
De camino al paseo de la fama;Chamberi;5,43 km; 50 minutos;Moderado;Circular;La ruta con nombre De camino al paseo de la fama por el distrito de Chamberi es de dificultad Moderado;19;40 m;40 m;684 m;643 m
Parque de la Bombilla, Monumento al General San Martín y Arco de la Victoria desde Chamberí;Chamberi;11,27 km; 2 horas 56 minutos;Fácil;Circular;La ruta con nombre Parque de la Bombilla, Monumento al General San Martín y Arco de la Victoria desde Chamberí por el distrito de Chamberi es de dificultad Fácil;27;100 m;100 m;713 m;590 m
Parque de la Bombilla, Monumento al General San Martín y Arco de la Victoria desde Chamberí;Chamberi;10,67 km; 2 horas 39 minutos;Fácil;Circular;La ruta con nombre Parque de la Bombilla, Monumento al General San Martín y Arco de la Victoria desde Chamberí por el distrito de Chamberi es de dificultad Fácil;27;94 m;94 m;713 m;598 m
Chamberí - Vallecas;Chamberi;17,53 km; 3 horas 26 minutos;Moderado;Solo ida;La ruta con nombre Chamberí - Vallecas por el distrito de Chamberi es de dificultad Moderado;23;124 m;166 m;682 m;550 m
Arapiles madrid a Mostoles;Chamberi;23,53 km; 5 horas 34 minutos;Fácil;Solo ida;La ruta con nombre Arapiles madrid a Mostoles por el distrito de Chamberi es de dificultad Fácil;21;2.055 m;2.146 m;775 m;563 m
SENDA DE VALPALOMERO. Monte de El Pardo;Fuencarral-El Pardo;4,92 km; una hora 8 minutos;Fácil;Circular;La ruta con nombre SENDA DE VALPALOMERO. Monte de El Pardo por el distrito de Fuencarral-El Pardo es de dificultad Fácil;4,6;104 m;104 m;708 m;644 m
Renfe Pitis - Monte del Pardo y Visita a la Quinta del Duque del Arco;Fuencarral-El Pardo;10,91 km; 2 horas 51 minutos;Fácil;Circular;La ruta con nombre Renfe Pitis - Monte del Pardo y Visita a la Quinta del Duque del Arco por el distrito de Fuencarral-El Pardo es de dificultad Fácil;4,6;179 m;179 m;708 m;636 m
Monte del Pardo - Madrid;Fuencarral-El Pardo;13,07 km; 2 horas 45 minutos;Fácil;Circular;La ruta con nombre Monte del Pardo - Madrid por el distrito de Fuencarral-El Pardo es de dificultad Fácil;4,8;255 m;255 m;715 m;593 m
Parking Somontes - El Pardo - Mingorubio - Parking Somontes - Ruta Larga;Fuencarral-El Pardo;16,04 km;315;Fácil;Circular;La ruta con nombre Parking Somontes - El Pardo - Mingorubio - Parking Somontes - Ruta Larga por el distrito de Fuencarral-El Pardo es de dificultad Fácil;3,7;207 m;207 m;701 m;585 m
Montes de el Pardo - pulmón de Madrid.Miradores.;Fuencarral-El Pardo;8,67 km; 2 horas 12 minutos;Fácil;Circular;La ruta con nombre Montes de el Pardo - pulmón de Madrid.Miradores. por el distrito de Fuencarral-El Pardo es de dificultad Fácil;5;132 m;132 m;741 m;619 m
Id 91. Paseo por el Pardo;Fuencarral-El Pardo;8,21 km; 2 horas 6 minutos;Fácil;Circular;La ruta con nombre Id 91. Paseo por el Pardo por el distrito de Fuencarral-El Pardo es de dificultad Fácil;55;134 m;134 m;719 m;630 m
Estación de Pitis - Quinta del Duque del Arco - El Pardo (Presa);Fuencarral-El Pardo;17,66 km; 3 horas 23 minutos;Fácil;Solo ida;La ruta con nombre Estación de Pitis - Quinta del Duque del Arco - El Pardo (Presa) por el distrito de Fuencarral-El Pardo es de dificultad Fácil;55;80 m;130 m;713 m;612 m
MONTE DE EL PARDO Y RIBERA DEL MANZANARES;Fuencarral-El Pardo;11,59 km; 2 horas 48 minutos;Fácil;Circular;La ruta con nombre MONTE DE EL PARDO Y RIBERA DEL MANZANARES por el distrito de Fuencarral-El Pardo es de dificultad Fácil;4,3;182 m;182 m;713 m;589 m
Paseo por El Pardo. Por los túneles de M-40 hasta el río Manzanares.;Fuencarral-El Pardo;7,77 km; una hora 44 minutos;Moderado;Circular;La ruta con nombre Paseo por El Pardo. Por los túneles de M-40 hasta el río Manzanares. por el distrito de Fuencarral-El Pardo es de dificultad Moderado;53;97 m;97 m;697 m;595 m
Ruta por los miradores del Monte de El Pardo: Valpalomero y Desaguadero;Fuencarral-El Pardo;4,5 km;420;Fácil;Circular;La ruta con nombre Ruta por los miradores del Monte de El Pardo: Valpalomero y Desaguadero por el distrito de Fuencarral-El Pardo es de dificultad Fácil;47;43 m;40 m;712 m;670 m
Madrid. Zona norte de la Casa de Campo.;Moncloa-Aravaca;11,48 km; 2 horas 56 minutos;Fácil;Circular;La ruta con nombre Madrid. Zona norte de la Casa de Campo. por el distrito de Moncloa-Aravaca es de dificultad Fácil;4,9;95 m;95 m;671 m;578 m
Casa de Campo, zona central;Moncloa-Aravaca;8,76 km; 2 horas 17 minutos;Fácil;Circular;La ruta con nombre Casa de Campo, zona central por el distrito de Moncloa-Aravaca es de dificultad Fácil;4,7;179 m;179 m;668 m;580 m
Circular por la Casa de Campo. Cerros de las Covatillas y Garabitas.;Moncloa-Aravaca;12,6 km; 2 horas 49 minutos;Fácil;Circular;La ruta con nombre Circular por la Casa de Campo. Cerros de las Covatillas y Garabitas. por el distrito de Moncloa-Aravaca es de dificultad Fácil;4,8;112 m;112 m;666 m;580 m
Madrid: Casa de Campo - Cerro Garabitas GCE (Track 17/02/12);Moncloa-Aravaca;8,89 km;702;Fácil;Circular;La ruta con nombre Madrid: Casa de Campo - Cerro Garabitas GCE (Track 17/02/12) por el distrito de Moncloa-Aravaca es de dificultad Fácil;4,7;323 m;323 m;676 m;561 m
Circular Casa de Campo (Metro del Lago-Casa de Campo);Moncloa-Aravaca;14,14 km; 2 horas 55 minutos;Fácil;Solo ida;La ruta con nombre Circular Casa de Campo (Metro del Lago-Casa de Campo) por el distrito de Moncloa-Aravaca es de dificultad Fácil;5;278 m;227 m;693 m;580 m
CASA DE CAMPO UNA RUTA MUY NATURAL;Moncloa-Aravaca;6,73 km; 2 horas 22 minutos;Fácil;Solo ida;La ruta con nombre CASA DE CAMPO UNA RUTA MUY NATURAL por el distrito de Moncloa-Aravaca es de dificultad Fácil;4,7;81 m;69 m;668 m;585 m
FSS: 18: MADRID: Parques Jardines / C.Campo / Pq Bombilla / Pq Oeste / Rosaleda / Sabatini / Campo del Moro 21 04 17;Moncloa-Aravaca;13,11 km; 3 horas 6 minutos;Fácil;Circular;La ruta con nombre FSS: 18: MADRID: Parques Jardines / C.Campo / Pq Bombilla / Pq Oeste / Rosaleda / Sabatini / Campo del Moro 21 04 17 por el distrito de Moncloa-Aravaca es de dificultad Fácil;50;312 m;312 m;662 m;568 m
Casa de Campo, integral;Moncloa-Aravaca;17,39 km; 3 horas 56 minutos;Fácil;Circular;La ruta con nombre Casa de Campo, integral por el distrito de Moncloa-Aravaca es de dificultad Fácil;4,3;438 m;438 m;696 m;580 m
Ruta natural por la casa de campo. Senderos y panorámicas de Madrid.;Moncloa-Aravaca;7,91 km; una hora 42 minutos;Moderado;Circular;La ruta con nombre Ruta natural por la casa de campo. Senderos y panorámicas de Madrid. por el distrito de Moncloa-Aravaca es de dificultad Moderado;48;75 m;75 m;758 m;639 m
Casa de Campo (M);Moncloa-Aravaca;17,47 km; 4 horas 17 minutos;Fácil;Circular;La ruta con nombre Casa de Campo (M) por el distrito de Moncloa-Aravaca es de dificultad Fácil;47;779 m;779 m;681 m;552 m
Ruta   2  -ARAVACA-503-PERÍMETRO CASA DE CAMPO-503 ARAVACA;Moncloa-Aravaca;20,06 km; 4 horas 10 minutos;Moderado;Circular;La ruta con nombre Ruta   2  -ARAVACA-503-PERÍMETRO CASA DE CAMPO-503 ARAVACA por el distrito de Moncloa-Aravaca es de dificultad Moderado;4,5;870 m;870 m;749 m;586 m
RUTA Nº 3 Aravaca-503-Interiores Casa de Campo-503-Aravaca;Moncloa-Aravaca;17,03 km; 4 horas 19 minutos;Fácil;Circular;La ruta con nombre RUTA Nº 3 Aravaca-503-Interiores Casa de Campo-503-Aravaca por el distrito de Moncloa-Aravaca es de dificultad Fácil;4,5;523 m;523 m;732 m;629 m
RUTA Nº 4  Aravaca-503-parque Adolfo Suárez-503-Aravaca;Moncloa-Aravaca;9,08 km; 2 horas 19 minutos;Fácil;Circular;La ruta con nombre RUTA Nº 4  Aravaca-503-parque Adolfo Suárez-503-Aravaca por el distrito de Moncloa-Aravaca es de dificultad Fácil;4,7;356 m;356 m;729 m;628 m
RUTA 1 Aravaca-503-Casa de Campo-503-Aravaca;Moncloa-Aravaca;20,17 km; 4 horas 33 minutos;Moderado;Circular;La ruta con nombre RUTA 1 Aravaca-503-Casa de Campo-503-Aravaca por el distrito de Moncloa-Aravaca es de dificultad Moderado;60;467 m;467 m;718 m;608 m
ARBOLES SINGULARES CASA DE CAMPO DE MADRID;Moncloa-Aravaca;14,7 km;417;Moderado;Circular;La ruta con nombre ARBOLES SINGULARES CASA DE CAMPO DE MADRID por el distrito de Moncloa-Aravaca es de dificultad Moderado;59;117 m;124 m;661 m;593 m
CASA DE CAMPO CIRCULAR;Moncloa-Aravaca;10,06 km; 3 horas 58 minutos;Fácil;Circular;La ruta con nombre CASA DE CAMPO CIRCULAR por el distrito de Moncloa-Aravaca es de dificultad Fácil;44;86 m;86 m;681 m;591 m
DE ARAVACA HASTA EL PLANTIO;Moncloa-Aravaca;8,2 km; 2 horas 27 minutos;Fácil;Solo ida;La ruta con nombre DE ARAVACA HASTA EL PLANTIO por el distrito de Moncloa-Aravaca es de dificultad Fácil;33;134 m;112 m;1.066 m;678 m
Casa de Campo (13,3 km). Travesía;Moncloa-Aravaca;13,33 km; 2 horas 24 minutos;Moderado;Solo ida;La ruta con nombre Casa de Campo (13,3 km). Travesía por el distrito de Moncloa-Aravaca es de dificultad Moderado;30;784 m;816 m;670 m;0 m
Ruta Madrid: Casa de Campo y Parque Forestal Adolfo Suárez;Moncloa-Aravaca;9,02 km; una hora 49 minutos;Fácil;Circular;La ruta con nombre Ruta Madrid: Casa de Campo y Parque Forestal Adolfo Suárez por el distrito de Moncloa-Aravaca es de dificultad Fácil;30;71 m;71 m;673 m;606 m
Preparación excursión casa campo noviembre 2020;Moncloa-Aravaca;8,48 km; una hora 42 minutos;Moderado;Solo ida;La ruta con nombre Preparación excursión casa campo noviembre 2020 por el distrito de Moncloa-Aravaca es de dificultad Moderado;29;141 m;80 m;692 m;614 m
Circular por Cása de Campo y Madrid Rio.;Carabanchel;17,44 km; 3 horas 43 minutos;Fácil;Solo ida;La ruta con nombre Circular por Cása de Campo y Madrid Rio. por el distrito de Carabanchel es de dificultad Fácil;5;420 m;427 m;730 m;558 m
Oporto - El Pardo;Carabanchel;18,96 km; 4 horas 9 minutos;Moderado;Solo ida;La ruta con nombre Oporto - El Pardo por el distrito de Carabanchel es de dificultad Moderado;53;565 m;583 m;658 m;565 m
Carabanchel (Oporto) - Boadilla del Monte;Carabanchel;16,4 km; 3 horas 40 minutos;Fácil;Solo ida;La ruta con nombre Carabanchel (Oporto) - Boadilla del Monte por el distrito de Carabanchel es de dificultad Fácil;49;121 m;72 m;752 m;618 m
Casa de Campo, Pista Generalísimo, Garabitas y Zoo;Carabanchel;14,93 km; 3 horas 34 minutos;Fácil;Solo ida;La ruta con nombre Casa de Campo, Pista Generalísimo, Garabitas y Zoo por el distrito de Carabanchel es de dificultad Fácil;38;159 m;96 m;672 m;579 m
Recorrido Norte de la Casa de Campo;Carabanchel;16,3 km; 4 horas 3 minutos;Fácil;Solo ida;La ruta con nombre Recorrido Norte de la Casa de Campo por el distrito de Carabanchel es de dificultad Fácil;32;141 m;119 m;647 m;579 m
Carabanchel- San Isidro;Carabanchel;7,61 km; una hora 28 minutos;Moderado;Circular;La ruta con nombre Carabanchel- San Isidro por el distrito de Carabanchel es de dificultad Moderado;19;50 m;50 m;642 m;585 m
Carabanchel Madrid Río;Carabanchel;13,98 km; 2 horas 36 minutos;Moderado;Circular;La ruta con nombre Carabanchel Madrid Río por el distrito de Carabanchel es de dificultad Moderado;25;117 m;117 m;646 m;607 m
Madrid Rio 1;Carabanchel;9,1 km; una hora 48 minutos;Fácil;Circular;La ruta con nombre Madrid Rio 1 por el distrito de Carabanchel es de dificultad Fácil;21;74 m;74 m;614 m;565 m
MADRID: PARC 'EMPERATRIZ MARIA DE AUSTRIA';Carabanchel;5,46 km; una hora 9 minutos;Fácil;Circular;La ruta con nombre MADRID: PARC 'EMPERATRIZ MARIA DE AUSTRIA' por el distrito de Carabanchel es de dificultad Fácil;19;146 m;146 m;625 m;591 m
Carabanchel - Puente de Toledo - Puente Monumental de Arganzuela - San Miguel Arcángel de Carabanchel Madrid - San Isidro;Carabanchel;8,24 km; 2 horas 27 minutos;Moderado;Solo ida;La ruta con nombre Carabanchel - Puente de Toledo - Puente Monumental de Arganzuela - San Miguel Arcángel de Carabanchel Madrid - San Isidro por el distrito de Carabanchel es de dificultad Moderado;19;57 m;92 m;634 m;572 m
MANZANARES. DESDE MATADERO HASTA EL FINAL DE SU PASEO SURE TRANSITABLE.;Usera;43,55 km; 2 horas un minuto;Moderado;Circular;La ruta con nombre MANZANARES. DESDE MATADERO HASTA EL FINAL DE SU PASEO SURE TRANSITABLE. por el distrito de Usera es de dificultad Moderado;45;334 m;334 m;644 m;573 m
Madrid Rio a Ermita de San Antonio de la Florida y vuelta por Senda del Manzanares;Usera;13,46 km; 2 horas 41 minutos;Fácil;Circular;La ruta con nombre Madrid Rio a Ermita de San Antonio de la Florida y vuelta por Senda del Manzanares por el distrito de Usera es de dificultad Fácil;43;23 m;23 m;611 m;582 m
Ruta por Madrid Río;Usera;7,18 km; 2 horas 4 minutos;Fácil;Solo ida;La ruta con nombre Ruta por Madrid Río por el distrito de Usera es de dificultad Fácil;32;7 m;7 m;644 m;613 m
Madrid Rio Warner;Usera;41,28 km; 4 horas 42 minutos;Fácil;Solo ida;La ruta con nombre Madrid Rio Warner por el distrito de Usera es de dificultad Fácil;31;229 m;239 m;640 m;534 m
Cuenca baja del Manzanares - Rivas pueblo;Usera;22,57 km;1091;Fácil;Solo ida;La ruta con nombre Cuenca baja del Manzanares - Rivas pueblo por el distrito de Usera es de dificultad Fácil;29;95 m;167 m;622 m;529 m
Parque Lineal del Manzanares - La Gavia;Usera;14,7 km; 2 horas 24 minutos;Fácil;Circular;La ruta con nombre Parque Lineal del Manzanares - La Gavia por el distrito de Usera es de dificultad Fácil;28;569 m;558 m;656 m;588 m
Madrid Rio;Usera;5,04 km;38;Moderado;Solo ida;La ruta con nombre Madrid Rio por el distrito de Usera es de dificultad Moderado;25;7 m;0 m;582 m;569 m
MADRID-LA LATINA-LAVAPIES;Usera;9,04 km; 4 horas 2 minutos;Fácil;Solo ida;La ruta con nombre MADRID-LA LATINA-LAVAPIES por el distrito de Usera es de dificultad Fácil;22;186 m;87 m;668 m;537 m
Catedral de la Almudena, Monumento a Felipe IV y Plaza de Cibeles desde Usera;Usera;11,18 km; 2 horas 12 minutos;Moderado;Circular;La ruta con nombre Catedral de la Almudena, Monumento a Felipe IV y Plaza de Cibeles desde Usera por el distrito de Usera es de dificultad Moderado;19;94 m;94 m;672 m;585 m
Parque lineal del Manzanares desde Matadeto;Usera;14,24 km; 2 horas 38 minutos;Fácil;Circular;La ruta con nombre Parque lineal del Manzanares desde Matadeto por el distrito de Usera es de dificultad Fácil;19;35 m;35 m;593 m;561 m
6 Parques del Puente de Vallecas 6;Puente de Vallecas;16,57 km; 3 horas 7 minutos;Moderado;Circular;La ruta con nombre 6 Parques del Puente de Vallecas 6 por el distrito de Puente de Vallecas es de dificultad Moderado;5;355 m;355 m;756 m;630 m
Vallecas-Atocha-Matadero-Madrid Rio- Pirámides-Puerta Toledo-Embajadores-Atocha;Puente de Vallecas;11,54 km; una hora 55 minutos;Fácil;Solo ida;La ruta con nombre Vallecas-Atocha-Matadero-Madrid Rio- Pirámides-Puerta Toledo-Embajadores-Atocha por el distrito de Puente de Vallecas es de dificultad Fácil;4,7;86 m;100 m;701 m;581 m
paco 211. ruta a pie anillo verde madrid 2. 07-04-2013;Puente de Vallecas;47,6 km; 12 horas 24 minutos;Difícil;Solo ida;La ruta con nombre paco 211. ruta a pie anillo verde madrid 2. 07-04-2013 por el distrito de Puente de Vallecas es de dificultad Difícil;48;291 m;315 m;726 m;553 m
Puente de Vallecas - Renfe El Pozo - Lago Casa Campo - Príncipe Pio;Puente de Vallecas;23,04 km; 8 horas 30 minutos;Fácil;Solo ida;La ruta con nombre Puente de Vallecas - Renfe El Pozo - Lago Casa Campo - Príncipe Pio por el distrito de Puente de Vallecas es de dificultad Fácil;46;248 m;275 m;727 m;612 m
Camino de Santiago desde Madrid. Etapa 1 Vallecas-Plaza Castilla;Puente de Vallecas;13,81 km; 2 horas 40 minutos;Fácil;Solo ida;La ruta con nombre Camino de Santiago desde Madrid. Etapa 1 Vallecas-Plaza Castilla por el distrito de Puente de Vallecas es de dificultad Fácil;35;126 m;121 m;721 m;613 m
Circular parques madrid;Puente de Vallecas;18,71 km; 3 horas 50 minutos;Moderado;Circular;La ruta con nombre Circular parques madrid por el distrito de Puente de Vallecas es de dificultad Moderado;23;244 m;244 m;758 m;651 m
Vallecas - Leganés;Puente de Vallecas;16,36 km; 2 horas 14 minutos;Moderado;Solo ida;La ruta con nombre Vallecas - Leganés por el distrito de Puente de Vallecas es de dificultad Moderado;19;124 m;82 m;683 m;581 m
Puente Vallecas/Tierno Galvan;Puente de Vallecas;8,93 km; una hora 56 minutos;Fácil;Circular;La ruta con nombre Puente Vallecas/Tierno Galvan por el distrito de Puente de Vallecas es de dificultad Fácil;5;25 m;25 m;615 m;541 m
Marcha Dominical (al salir de Misa);Puente de Vallecas;20,27 km; 4 horas un minuto;Moderado;Circular;La ruta con nombre Marcha Dominical (al salir de Misa) por el distrito de Puente de Vallecas es de dificultad Moderado;38;143 m;143 m;729 m;596 m
El VALLECAS QUE NO SALE EN LA TELE NI EN LOS PERIÓDICOS;Puente de Vallecas;11,76 km; 2 horas un minuto;Moderado;Circular;La ruta con nombre El VALLECAS QUE NO SALE EN LA TELE NI EN LOS PERIÓDICOS por el distrito de Puente de Vallecas es de dificultad Moderado;30;90 m;90 m;700 m;619 m
Perímetro completo de Moratalaz;Moratalaz;12,57 km; 2 horas 30 minutos;Fácil;Circular;La ruta con nombre Perímetro completo de Moratalaz por el distrito de Moratalaz es de dificultad Fácil;4;115 m;115 m;700 m;617 m
Tercera visita al Cementerio de la Almudena;Moratalaz;8,45 km; una hora 46 minutos;Fácil;Circular;La ruta con nombre Tercera visita al Cementerio de la Almudena por el distrito de Moratalaz es de dificultad Fácil;5;75 m;75 m;698 m;638 m
Los Cementerios de la Almudena, segunda parte;Moratalaz;10,01 km; 2 horas 34 minutos;Fácil;Circular;La ruta con nombre Los Cementerios de la Almudena, segunda parte por el distrito de Moratalaz es de dificultad Fácil;58;64 m;64 m;690 m;639 m
Todas las Puertas de El Retiro;Moratalaz;10,78 km; una hora 39 minutos;Fácil;Circular;La ruta con nombre Todas las Puertas de El Retiro por el distrito de Moratalaz es de dificultad Fácil;57;107 m;107 m;683 m;628 m
Rutas de turismo satánico: Moratalaz;Moratalaz;6,25 km;118;Difícil;Solo ida;La ruta con nombre Rutas de turismo satánico: Moratalaz por el distrito de Moratalaz es de dificultad Difícil;19;16 m;70 m;685 m;624 m
Cuña Verde O`Donnell-Parque Faunia;Moratalaz;13,18 km;183;Fácil;Circular;La ruta con nombre Cuña Verde O`Donnell-Parque Faunia por el distrito de Moratalaz es de dificultad Fácil;13;82 m;82 m;699 m;653 m
19.05.2009. P.marques.zafra-p.fuente.berro.;Moratalaz;0,5 km;39;Fácil;Circular;La ruta con nombre 19.05.2009. P.marques.zafra-p.fuente.berro. por el distrito de Moratalaz es de dificultad Fácil;9;54 m;81 m;721 m;660 m
Vinateros al Parque de las 7 tetas, día después de la tormenta Filomena 2021;Moratalaz;5,67 km; una hora 17 minutos;Moderado;Circular;La ruta con nombre Vinateros al Parque de las 7 tetas, día después de la tormenta Filomena 2021 por el distrito de Moratalaz es de dificultad Moderado;40;65 m;65 m;690 m;630 m
Vuelta por Madrid desde Vinateros hasta Alcalá en la Gran Nevada 2021 tormenta Filomena;Moratalaz;7,05 km; una hora 37 minutos;Moderado;Solo ida;La ruta con nombre Vuelta por Madrid desde Vinateros hasta Alcalá en la Gran Nevada 2021 tormenta Filomena por el distrito de Moratalaz es de dificultad Moderado;40;51 m;65 m;732 m;623 m
De la Estrella a Canillejas por Vicálvaro y San Blas;Moratalaz;9,49 km; 2 horas 20 minutos;Fácil;Solo ida;La ruta con nombre De la Estrella a Canillejas por Vicálvaro y San Blas por el distrito de Moratalaz es de dificultad Fácil;21;170 m;145 m;767 m;653 m
Ciudad Lineal - Encarnación del Señor - Parque Maceta Madrid - San Pedro Regalado - Delicias;Ciudad Lineal;20,61 km; 53 minutos;Moderado;Solo ida;La ruta con nombre Ciudad Lineal - Encarnación del Señor - Parque Maceta Madrid - San Pedro Regalado - Delicias por el distrito de Ciudad Lineal es de dificultad Moderado;32;173 m;306 m;712 m;574 m
Ciudad Lineal - Iglesia San Manuel y San Benito - Puerta de Alcalá - Plaza de Cibeles - Biblioteca Nacional;Ciudad Lineal;8,45 km; una hora 36 minutos;Moderado;Solo ida;La ruta con nombre Ciudad Lineal - Iglesia San Manuel y San Benito - Puerta de Alcalá - Plaza de Cibeles - Biblioteca Nacional por el distrito de Ciudad Lineal es de dificultad Moderado;16;14 m;72 m;713 m;646 m
Pinar de Barajas. Senderismo Urbano;Ciudad Lineal;7,33 km; una hora 8 minutos;Fácil;Circular;La ruta con nombre Pinar de Barajas. Senderismo Urbano por el distrito de Ciudad Lineal es de dificultad Fácil;43;93 m;93 m;720 m;656 m
Arturo Soria A2-Puerta Alcalá y vuelta;Ciudad Lineal;11,84 km; una hora 50 minutos;Moderado;Circular;La ruta con nombre Arturo Soria A2-Puerta Alcalá y vuelta por el distrito de Ciudad Lineal es de dificultad Moderado;18;76 m;76 m;709 m;618 m
Ciudad Lineal - Rejas;Ciudad Lineal;28,67 km; 57 minutos;Moderado;Solo ida;La ruta con nombre Ciudad Lineal - Rejas por el distrito de Ciudad Lineal es de dificultad Moderado;15;217 m;321 m;728 m;600 m
Ciudad Lineal;Ciudad Lineal;15,31 km; 2 horas 28 minutos;Moderado;Circular;La ruta con nombre Ciudad Lineal por el distrito de Ciudad Lineal es de dificultad Moderado;13;120 m;120 m;714 m;644 m
Canillas - Campo de las Naciones;Ciudad Lineal;9,57 km; una hora 34 minutos;Moderado;Solo ida;La ruta con nombre Canillas - Campo de las Naciones por el distrito de Ciudad Lineal es de dificultad Moderado;13;14 m;39 m;704 m;651 m
Paseando por los 2 parques;Ciudad Lineal;12,15 km; 2 horas un minuto;Fácil;Circular;La ruta con nombre Paseando por los 2 parques por el distrito de Ciudad Lineal es de dificultad Fácil;12;38 m;38 m;697 m;639 m
Ciudad Lineal;Ciudad Lineal;7,28 km; una hora 33 minutos;Moderado;Solo ida;La ruta con nombre Ciudad Lineal por el distrito de Ciudad Lineal es de dificultad Moderado;11;59 m;70 m;715 m;652 m
Ciudad Lineal - Serrano;Ciudad Lineal;8,93 km; 3 horas 19 minutos;Moderado;Solo ida;La ruta con nombre Ciudad Lineal - Serrano por el distrito de Ciudad Lineal es de dificultad Moderado;11;78 m;48 m;718 m;664 m
Valdebebas;Hortaleza;14,38 km; una hora 53 minutos;Fácil;Solo ida;La ruta con nombre Valdebebas por el distrito de Hortaleza es de dificultad Fácil;36;125 m;122 m;753 m;650 m
Asturcon:Lineal Hortaleza-Talamanca del Jarama- Valdetorres del Jarama (325);Hortaleza;46,56 km;799;Moderado;Solo ida;La ruta con nombre Asturcon:Lineal Hortaleza-Talamanca del Jarama- Valdetorres del Jarama (325) por el distrito de Hortaleza es de dificultad Moderado;4;282 m;357 m;732 m;597 m
Hortaleza - Valdebebas - Hortaleza;Hortaleza;4,14 km; 53 minutos;Fácil;Solo ida;La ruta con nombre Hortaleza - Valdebebas - Hortaleza por el distrito de Hortaleza es de dificultad Fácil;21;94 m;20 m;802 m;726 m
Hortaleza - Parque Hortaleza - Monumento de encuentros - Lago del Parque Juan Carlos I - Canillas;Hortaleza;19,05 km; 3 horas 10 minutos;Moderado;Solo ida;La ruta con nombre Hortaleza - Parque Hortaleza - Monumento de encuentros - Lago del Parque Juan Carlos I - Canillas por el distrito de Hortaleza es de dificultad Moderado;16;183 m;166 m;699 m;608 m
El Pardo outra vez;Hortaleza;19,13 km; 3 horas 52 minutos;Moderado;Solo ida;La ruta con nombre El Pardo outra vez por el distrito de Hortaleza es de dificultad Moderado;38;142 m;227 m;739 m;612 m
Tres cantos;Hortaleza;24 km; 3 horas 55 minutos;Moderado;Solo ida;La ruta con nombre Tres cantos por el distrito de Hortaleza es de dificultad Moderado;38;195 m;147 m;787 m;697 m
Anillo Verde até Legazpi;Hortaleza;26,14 km; 5 horas 12 minutos;Moderado;Solo ida;La ruta con nombre Anillo Verde até Legazpi por el distrito de Hortaleza es de dificultad Moderado;37;168 m;274 m;726 m;603 m
Ruta 2 Valdebebas;Hortaleza;11,09 km; 2 horas 20 minutos;Moderado;Solo ida;La ruta con nombre Ruta 2 Valdebebas por el distrito de Hortaleza es de dificultad Moderado;5;103 m;109 m;700 m;650 m
Parque Juan Carlos II;Hortaleza;9,78 km; 2 horas 29 minutos;Moderado;Solo ida;La ruta con nombre Parque Juan Carlos II por el distrito de Hortaleza es de dificultad Moderado;28;55 m;93 m;722 m;650 m
Atocha y Sol;Hortaleza;27,3 km; 4 horas 57 minutos;Moderado;Circular;La ruta con nombre Atocha y Sol por el distrito de Hortaleza es de dificultad Moderado;28;235 m;235 m;739 m;647 m
Villaverde Bajo (Renfe) - Plaza de España por el Río Manzanares;Villaverde;17,26 km; 4 horas 14 minutos;Fácil;Solo ida;La ruta con nombre Villaverde Bajo (Renfe) - Plaza de España por el Río Manzanares por el distrito de Villaverde es de dificultad Fácil;5;180 m;264 m;647 m;543 m
Villaverde Bajo (Renfe) - Río Manzanares - Doce de Octubre (Renfe);Villaverde;11,65 km; 2 horas 24 minutos;Fácil;Solo ida;La ruta con nombre Villaverde Bajo (Renfe) - Río Manzanares - Doce de Octubre (Renfe) por el distrito de Villaverde es de dificultad Fácil;5;176 m;205 m;653 m;547 m
Villaverde Bajo - Perales del Río;Villaverde;13,52 km; 3 horas 34 minutos;Fácil;Solo ida;La ruta con nombre Villaverde Bajo - Perales del Río por el distrito de Villaverde es de dificultad Fácil;5;220 m;215 m;583 m;483 m
2012-12-24 Madrid: Ciudad Ángeles, río Manzanares, cuevas Magdalena, Rivas-Vaciamadrid: puente Congosto (río Manzanares);Villaverde;17,1 km; 3 horas 57 minutos;Moderado;Solo ida;La ruta con nombre 2012-12-24 Madrid: Ciudad Ángeles, río Manzanares, cuevas Magdalena, Rivas-Vaciamadrid: puente Congosto (río Manzanares) por el distrito de Villaverde es de dificultad Moderado;63;67 m;165 m;585 m;513 m
Parque del Manzanares , madrid rio , templo de debod y puerta del sol;Villaverde;16,59 km; 2 horas 35 minutos;Moderado;Solo ida;La ruta con nombre Parque del Manzanares , madrid rio , templo de debod y puerta del sol por el distrito de Villaverde es de dificultad Moderado;57;101 m;36 m;670 m;548 m
Villaverde alto - parque Polvoranca - bosquesur forestal - Fuenlabrada;Villaverde;17,29 km; 2 horas 42 minutos;Moderado;Solo ida;La ruta con nombre Villaverde alto - parque Polvoranca - bosquesur forestal - Fuenlabrada por el distrito de Villaverde es de dificultad Moderado;54;88 m;22 m;697 m;592 m
Segunda etapa del camino ucles y el parque del sudoeste;Villaverde;24,96 km; 3 horas 59 minutos;Moderado;Solo ida;La ruta con nombre Segunda etapa del camino ucles y el parque del sudoeste por el distrito de Villaverde es de dificultad Moderado;53;14 m;63 m;590 m;524 m
Villaverde Bajo Renfe - Rivas Vaciamadrid Metro por Río Manzanares;Villaverde;20,11 km; 4 horas 52 minutos;Fácil;Solo ida;La ruta con nombre Villaverde Bajo Renfe - Rivas Vaciamadrid Metro por Río Manzanares por el distrito de Villaverde es de dificultad Fácil;5;138 m;101 m;578 m;439 m
Villaverde Bajo - Paseo Fluvial Manzanares - Parque Lineal Manzanares - Madrid Rio - Principe Pio;Villaverde;12,98 km; 2 horas 47 minutos;Fácil;Solo ida;La ruta con nombre Villaverde Bajo - Paseo Fluvial Manzanares - Parque Lineal Manzanares - Madrid Rio - Principe Pio por el distrito de Villaverde es de dificultad Fácil;51;93 m;45 m;610 m;528 m
Cerro de los angeles y sus bunker;Villaverde;14,49 km; 2 horas 28 minutos;Moderado;Solo ida;La ruta con nombre Cerro de los angeles y sus bunker por el distrito de Villaverde es de dificultad Moderado;48;80 m;43 m;674 m;468 m
Ensanche vallecas-Parque de Valdebernardo-Parque la Maceta-Distrito de San Blas-Estadio Wanda Metropolitano-Vicalvaro-vuelta;Villa de Vallecas;25,65 km; 4 horas 8 minutos;Moderado;Circular;La ruta con nombre Ensanche vallecas-Parque de Valdebernardo-Parque la Maceta-Distrito de San Blas-Estadio Wanda Metropolitano-Vicalvaro-vuelta por el distrito de Villa de Vallecas es de dificultad Moderado;5;136 m;136 m;700 m;622 m
Villa de Vallecas-parque lineal -Caja mágica-parque Manzanares- Parque Entrevías-Camino la china a Cerro la gavia-Ensanche;Villa de Vallecas;28,05 km; 5 horas un minuto;Moderado;Circular;La ruta con nombre Villa de Vallecas-parque lineal -Caja mágica-parque Manzanares- Parque Entrevías-Camino la china a Cerro la gavia-Ensanche por el distrito de Villa de Vallecas es de dificultad Moderado;40;223 m;223 m;696 m;590 m
Parque de la Gavia - Ensanche de Vallecas;Villa de Vallecas;9,51 km; una hora 48 minutos;Fácil;Circular;La ruta con nombre Parque de la Gavia - Ensanche de Vallecas por el distrito de Villa de Vallecas es de dificultad Fácil;39;32 m;32 m;656 m;622 m
Ensanche de Vallecas a Manzanares por el camino de la Amarguilla;Villa de Vallecas;15,5 km; 2 horas 51 minutos;Fácil;Circular;La ruta con nombre Ensanche de Vallecas a Manzanares por el camino de la Amarguilla por el distrito de Villa de Vallecas es de dificultad Fácil;38;92 m;92 m;655 m;577 m
Ensanche vallecas-parque la Gavia-Depuradora la gavia-villaverde Bajo-parque los Rosales-Cerro la gavia;Villa de Vallecas;20,21 km; 3 horas 27 minutos;Moderado;Solo ida;La ruta con nombre Ensanche vallecas-parque la Gavia-Depuradora la gavia-villaverde Bajo-parque los Rosales-Cerro la gavia por el distrito de Villa de Vallecas es de dificultad Moderado;37;194 m;242 m;643 m;554 m
Villa Vallecas-Vicalvaro- San blas-Coslada- San Fernando de Henares-Villa Vallecas;Villa de Vallecas;40,17 km; 6 horas 24 minutos;Moderado;Circular;La ruta con nombre Villa Vallecas-Vicalvaro- San blas-Coslada- San Fernando de Henares-Villa Vallecas por el distrito de Villa de Vallecas es de dificultad Moderado;37;357 m;357 m;683 m;538 m
Ensanche vallecas-santa Eugenia-parque forestal de valdebernardo- Moratalaz-La Elipa-Parque forestal de vicálvaro-Ensanche.;Villa de Vallecas;30,7 km; 5 horas 9 minutos;Moderado;Circular;La ruta con nombre Ensanche vallecas-santa Eugenia-parque forestal de valdebernardo- Moratalaz-La Elipa-Parque forestal de vicálvaro-Ensanche. por el distrito de Villa de Vallecas es de dificultad Moderado;37;209 m;209 m;685 m;600 m
Ruta andando del Circular del anillo verde ciclista olímpico desde Villa vallecas a Sierra Guadalupe(Renfe de Vallecas);Villa de Vallecas;62,52 km; 9 horas;Moderado;Solo ida;La ruta con nombre Ruta andando del Circular del anillo verde ciclista olímpico desde Villa vallecas a Sierra Guadalupe(Renfe de Vallecas) por el distrito de Villa de Vallecas es de dificultad Moderado;36;334 m;339 m;722 m;584 m
Villa Vallecas-Parque Forestal Valdebernardo-Parque Forestal de Vicálvaro-Coslada(Parque El Humedal)-El cañaveral-Vallecas;Villa de Vallecas;30,38 km; 5 horas 29 minutos;Difícil;Circular;La ruta con nombre Villa Vallecas-Parque Forestal Valdebernardo-Parque Forestal de Vicálvaro-Coslada(Parque El Humedal)-El cañaveral-Vallecas por el distrito de Villa de Vallecas es de dificultad Difícil;36;193 m;193 m;708 m;621 m
Villa Vallecas-bordear y subida cerro el Almodóvar- Parque Valdebernardo-Subida Mirador parque la gavia-Ensanche Vallecas;Villa de Vallecas;24,28 km; 4 horas 6 minutos;Moderado;Circular;La ruta con nombre Villa Vallecas-bordear y subida cerro el Almodóvar- Parque Valdebernardo-Subida Mirador parque la gavia-Ensanche Vallecas por el distrito de Villa de Vallecas es de dificultad Moderado;36;246 m;246 m;728 m;608 m
Rivas-Vaciamadrid En metro 14,6km;Vicalvaro;20,39 km; 2 horas 29 minutos;Moderado;Solo ida;La ruta con nombre Rivas-Vaciamadrid En metro 14,6km por el distrito de Vicalvaro es de dificultad Moderado;32;155 m;248 m;681 m;544 m
DE VICALVARO A VALLECAS;Vicalvaro;10,9 km; 3 horas 2 minutos;Fácil;Solo ida;La ruta con nombre DE VICALVARO A VALLECAS por el distrito de Vicalvaro es de dificultad Fácil;32;180 m;217 m;1.089 m;685 m
Parque Forestal de Valdebernardo;Vicalvaro;12,28 km; 2 horas 14 minutos;Fácil;Circular;La ruta con nombre Parque Forestal de Valdebernardo por el distrito de Vicalvaro es de dificultad Fácil;32;54 m;54 m;709 m;664 m
Linea 9 Metro Madrid (Pta Arganda - Paco de Lucía);Vicalvaro;24 km; 3 horas 22 minutos;Moderado;Solo ida;La ruta con nombre Linea 9 Metro Madrid (Pta Arganda - Paco de Lucía) por el distrito de Vicalvaro es de dificultad Moderado;27;217 m;199 m;725 m;624 m
CIRCULAR VICALVARO POR PARQUES;Vicalvaro;13,41 km; una hora 50 minutos;Fácil;Circular;La ruta con nombre CIRCULAR VICALVARO POR PARQUES por el distrito de Vicalvaro es de dificultad Fácil;5;517 m;504 m;769 m;692 m
Santísimo Cristo Guía y San Juan Sahagún y Jardín Brigadas Internacionales desde Vicálvaro;Vicalvaro;5,03 km; 52 minutos;Moderado;Circular;La ruta con nombre Santísimo Cristo Guía y San Juan Sahagún y Jardín Brigadas Internacionales desde Vicálvaro por el distrito de Vicalvaro es de dificultad Moderado;16;25 m;25 m;692 m;650 m
Vicálvaro - Iglesia de Jesucristo de los Santos de los Últimos Días - Basílica Nuestra Señora Atocha - Lavapiés;Vicalvaro;10,54 km; una hora 43 minutos;Moderado;Solo ida;La ruta con nombre Vicálvaro - Iglesia de Jesucristo de los Santos de los Últimos Días - Basílica Nuestra Señora Atocha - Lavapiés por el distrito de Vicalvaro es de dificultad Moderado;16;59 m;116 m;690 m;601 m
Vicálvaro - Iglesia de Jesucristo de los Santos de los Últimos Días - Valdebernardo;Vicalvaro;9,49 km; 2 horas 6 minutos;Moderado;Solo ida;La ruta con nombre Vicálvaro - Iglesia de Jesucristo de los Santos de los Últimos Días - Valdebernardo por el distrito de Vicalvaro es de dificultad Moderado;16;65 m;57 m;688 m;657 m
Vicálvaro - Iglesia de Jesucristo de los Santos de los Últimos Días - Fuente de las gaviotas - Montaña Artificial - Goya;Vicalvaro;8,8 km; una hora 33 minutos;Moderado;Solo ida;La ruta con nombre Vicálvaro - Iglesia de Jesucristo de los Santos de los Últimos Días - Fuente de las gaviotas - Montaña Artificial - Goya por el distrito de Vicalvaro es de dificultad Moderado;16;80 m;72 m;684 m;623 m
Iglesia de Jesucristo de los Santos de los Últimos Días desde Vicálvaro;Vicalvaro;10,44 km; 2 horas 23 minutos;Moderado;Circular;La ruta con nombre Iglesia de Jesucristo de los Santos de los Últimos Días desde Vicálvaro por el distrito de Vicalvaro es de dificultad Moderado;16;89 m;89 m;689 m;625 m
Quinta de Torre Arias;San Blas-Canillejas;1,66 km; 29 minutos;Fácil;Circular;La ruta con nombre Quinta de Torre Arias por el distrito de San Blas-Canillejas es de dificultad Fácil;45;10 m;10 m;670 m;650 m
Parque Quinta de Torre Arias - Madrid;San Blas-Canillejas;2,38 km; 31 minutos;Moderado;Circular;La ruta con nombre Parque Quinta de Torre Arias - Madrid por el distrito de San Blas-Canillejas es de dificultad Moderado;30;14 m;14 m;670 m;632 m
Laguna de Ambroz;San Blas-Canillejas;10,74 km; 2 horas;Fácil;Circular;La ruta con nombre Laguna de Ambroz por el distrito de San Blas-Canillejas es de dificultad Fácil;30;77 m;77 m;720 m;640 m
Caminos Canillejas;San Blas-Canillejas;11,82 km; una hora 54 minutos;Moderado;Circular;La ruta con nombre Caminos Canillejas por el distrito de San Blas-Canillejas es de dificultad Moderado;22;124 m;124 m;687 m;620 m
Deriva Urbana Este. San Blas - Alcalá;San Blas-Canillejas;10,28 km;102;Fácil;Solo ida;La ruta con nombre Deriva Urbana Este. San Blas - Alcalá por el distrito de San Blas-Canillejas es de dificultad Fácil;12;59 m;35 m;700 m;645 m
Quinta Torre Arias;San Blas-Canillejas;2,97 km; una hora 5 minutos;Moderado;Circular;La ruta con nombre Quinta Torre Arias por el distrito de San Blas-Canillejas es de dificultad Moderado;31;10 m;10 m;671 m;636 m
Rombo - Ciudad Lineal y Hortaleza;San Blas-Canillejas;11,77 km; una hora 50 minutos;Fácil;Circular;La ruta con nombre Rombo - Ciudad Lineal y Hortaleza por el distrito de San Blas-Canillejas es de dificultad Fácil;24;94 m;94 m;711 m;627 m
Mara;San Blas-Canillejas;5,87 km; 3 horas 41 minutos;Fácil;Solo ida;La ruta con nombre Mara por el distrito de San Blas-Canillejas es de dificultad Fácil;23;151 m;170 m;739 m;671 m
8K walking. 1 día septiembre 23. Pza Grecia pradillo;San Blas-Canillejas;7,89 km; una hora 35 minutos;Moderado;Solo ida;La ruta con nombre 8K walking. 1 día septiembre 23. Pza Grecia pradillo por el distrito de San Blas-Canillejas es de dificultad Moderado;23;57 m;36 m;731 m;651 m
Wanda Metropolitan - Chueca;San Blas-Canillejas;11,57 km; 2 horas 12 minutos;Moderado;Solo ida;La ruta con nombre Wanda Metropolitan - Chueca por el distrito de San Blas-Canillejas es de dificultad Moderado;21;57 m;64 m;716 m;637 m
Parque de el Capricho.;San Blas-Canillejas;3,93 km;137;Fácil;Circular;La ruta con nombre Parque de el Capricho. por el distrito de San Blas-Canillejas es de dificultad Fácil;5;7 m;7 m;638 m;625 m
Madrid, parque 'El Capricho';San Blas-Canillejas;4,06 km; una hora 59 minutos;Fácil;Circular;La ruta con nombre Madrid, parque 'El Capricho' por el distrito de San Blas-Canillejas es de dificultad Fácil;44;21 m;21 m;641 m;615 m
Parque El Capricho ( Madrid);San Blas-Canillejas;3,73 km; 54 minutos;Fácil;Circular;La ruta con nombre Parque El Capricho ( Madrid) por el distrito de San Blas-Canillejas es de dificultad Fácil;42;7 m;7 m;643 m;619 m
En busca de la miel de Manuka;San Blas-Canillejas;14,53 km; 3 horas un minuto;Moderado;Solo ida;La ruta con nombre En busca de la miel de Manuka por el distrito de San Blas-Canillejas es de dificultad Moderado;27;1.719 m;1.694 m;745 m;617 m
5t ida;San Blas-Canillejas;21,69 km; 34 minutos;Moderado;Solo ida;La ruta con nombre 5t ida por el distrito de San Blas-Canillejas es de dificultad Moderado;26;110 m;159 m;695 m;555 m
Ruta cerro de la mesa;San Blas-Canillejas;8,67 km; una hora 44 minutos;Moderado;Solo ida;La ruta con nombre Ruta cerro de la mesa por el distrito de San Blas-Canillejas es de dificultad Moderado;24;66 m;65 m;661 m;613 m
Plaza de los emperadores, Lago del Parque Juan Carlos I y Dedos desde Canillejas;San Blas-Canillejas;7,94 km; 2 horas 21 minutos;Moderado;Circular;La ruta con nombre Plaza de los emperadores, Lago del Parque Juan Carlos I y Dedos desde Canillejas por el distrito de San Blas-Canillejas es de dificultad Moderado;19;39 m;39 m;672 m;630 m
Monumento de encuentros, Dedos y Plaza de los emperadores desde Canillejas;San Blas-Canillejas;12,55 km; una hora 10 minutos;Moderado;Circular;La ruta con nombre Monumento de encuentros, Dedos y Plaza de los emperadores desde Canillejas por el distrito de San Blas-Canillejas es de dificultad Moderado;19;128 m;128 m;674 m;620 m
Canillejas - Plaza de los emperadores - Lago del Capricho - Las Tablas;San Blas-Canillejas;14,97 km; una hora 21 minutos;Moderado;Solo ida;La ruta con nombre Canillejas - Plaza de los emperadores - Lago del Capricho - Las Tablas por el distrito de San Blas-Canillejas es de dificultad Moderado;16;127 m;68 m;736 m;625 m
Paseo por parque Juan Carlos I;San Blas-Canillejas;5,63 km; una hora 15 minutos;Moderado;Circular;La ruta con nombre Paseo por parque Juan Carlos I por el distrito de San Blas-Canillejas es de dificultad Moderado;16;63 m;63 m;683 m;629 m
Ruta andando para llegar al Aeropuerto de Madrid-Barajas GRATIS;Barajas;0,94 km;41;Fácil;Solo ida;La ruta con nombre Ruta andando para llegar al Aeropuerto de Madrid-Barajas GRATIS por el distrito de Barajas es de dificultad Fácil;5;0 m;23 m;633 m;605 m
Barajas-Juan Carlos I;Barajas;10,23 km; una hora 36 minutos;Moderado;Circular;La ruta con nombre Barajas-Juan Carlos I por el distrito de Barajas es de dificultad Moderado;37;277 m;277 m;690 m;627 m
Ruta por 7 pueblos bonitos de Madrid Aeropuerto Adolfo Suárez Madrid a Santiago de Compostela Spain;Barajas;933,4 km;15000;Moderado;Solo ida;La ruta con nombre Ruta por 7 pueblos bonitos de Madrid Aeropuerto Adolfo Suárez Madrid a Santiago de Compostela Spain por el distrito de Barajas es de dificultad Moderado;25;11.980 m;12.485 m;1.451 m;0 m
Barajas de Madrid - Estanque Puerta Logroño Pjci - Lago del Parque Juan Carlos I - Plaza de Colon - Chueca;Barajas;14,88 km; 3 horas 13 minutos;Moderado;Solo ida;La ruta con nombre Barajas de Madrid - Estanque Puerta Logroño Pjci - Lago del Parque Juan Carlos I - Plaza de Colon - Chueca por el distrito de Barajas es de dificultad Moderado;16;99 m;63 m;703 m;633 m
PARIS Viaje de 1 Dia 8-ABR-08;Barajas;2.571 km;5012;Fácil;Solo ida;La ruta con nombre PARIS Viaje de 1 Dia 8-ABR-08 por el distrito de Barajas es de dificultad Fácil;15;4.995 m;4.953 m;2.102 m;-53 m
Aeropuerto-alameda de osuna-colonia-barajas;Barajas;10,9 km; 2 horas;Moderado;Solo ida;La ruta con nombre Aeropuerto-alameda de osuna-colonia-barajas por el distrito de Barajas es de dificultad Moderado;23;50 m;57 m;661 m;601 m
Duquesa Alameda de Osuna;Barajas;8,78 km; 3 horas 19 minutos;Moderado;Solo ida;La ruta con nombre Duquesa Alameda de Osuna por el distrito de Barajas es de dificultad Moderado;22;21 m;21 m;644 m;611 m
Paseo por barajas. Nevada 7 Enero;Barajas;6,15 km; una hora 35 minutos;Fácil;Circular;La ruta con nombre Paseo por barajas. Nevada 7 Enero por el distrito de Barajas es de dificultad Fácil;21;41 m;41 m;673 m;636 m
Paseo barajas;Barajas;8,17 km; una hora 47 minutos;Moderado;Circular;La ruta con nombre Paseo barajas por el distrito de Barajas es de dificultad Moderado;20;41 m;41 m;667 m;635 m
Circular barajas-angares Ibe.;Barajas;7,62 km; una hora 33 minutos;Moderado;Circular;La ruta con nombre Circular barajas-angares Ibe. por el distrito de Barajas es de dificultad Moderado;20;39 m;39 m;660 m;602 m
39RAP22 Gran Vía-Madrid Río-Perales del Río (17km) 27M0922;Centro;16,55 km;791;Moderado;Solo ida;La ruta con nombre 39RAP22 Gran Vía-Madrid Río-Perales del Río (17km) 27M0922 por el distrito de Centro es de dificultad Moderado;43;31 m;130 m;716 m;552 m
Ruta por Madrid. Puerta del Sol, km 0, plaza mayor, catedral de la Almudena y Palacio real;Centro;9,38 km; 2 horas 15 minutos;Fácil;Circular;La ruta con nombre Ruta por Madrid. Puerta del Sol, km 0, plaza mayor, catedral de la Almudena y Palacio real por el distrito de Centro es de dificultad Fácil;37;32 m;32 m;720 m;676 m
CAMINO REAL DE GUADALUPE:MADRID-MOSTOLES.;Centro;28,18 km; 8 horas un minuto;Moderado;Solo ida;La ruta con nombre CAMINO REAL DE GUADALUPE:MADRID-MOSTOLES. por el distrito de Centro es de dificultad Moderado;32;353 m;518 m;722 m;570 m
Paseo por Madrid Navidades 2022;Centro;6,92 km; una hora 29 minutos;Moderado;Solo ida;La ruta con nombre Paseo por Madrid Navidades 2022 por el distrito de Centro es de dificultad Moderado;31;68 m;79 m;788 m;629 m
Paseo por Madrid;Centro;9,53 km; 2 horas 20 minutos;Moderado;Solo ida;La ruta con nombre Paseo por Madrid por el distrito de Centro es de dificultad Moderado;31;43 m;43 m;678 m;636 m
Chueca Madrid;Centro;3,14 km;19;Moderado;Circular;La ruta con nombre Chueca Madrid por el distrito de Centro es de dificultad Moderado;25;21 m;21 m;672 m;648 m
Reivindicación LGTBIQ en Madrid;Centro;3,92 km; una hora 5 minutos;Fácil;Solo ida;La ruta con nombre Reivindicación LGTBIQ en Madrid por el distrito de Centro es de dificultad Fácil;23;3 m;20 m;668 m;644 m
Madrid Centro - Plaza Mayor - Basílica Pontificia de San Miguel - Iglesia de San Jerónimo el Real - Las Cortes;Centro;8,54 km; 2 horas 52 minutos;Moderado;Solo ida;La ruta con nombre Madrid Centro - Plaza Mayor - Basílica Pontificia de San Miguel - Iglesia de San Jerónimo el Real - Las Cortes por el distrito de Centro es de dificultad Moderado;19;28 m;42 m;684 m;619 m
Catedral de la Almudena, Plaza Mayor y Puerta del Sol desde Madrid Centro;Centro;6,8 km; 5 horas 35 minutos;Moderado;Circular;La ruta con nombre Catedral de la Almudena, Plaza Mayor y Puerta del Sol desde Madrid Centro por el distrito de Centro es de dificultad Moderado;19;36 m;36 m;654 m;618 m
A stroll around Madrid;Centro;18,57 km; 4 horas 40 minutos;Fácil;Solo ida;La ruta con nombre A stroll around Madrid por el distrito de Centro es de dificultad Fácil;49;129 m;130 m;691 m;592 m
Parque del Retiro;Retiro;6,54 km; una hora 32 minutos;Fácil;Solo ida;La ruta con nombre Parque del Retiro por el distrito de Retiro es de dificultad Fácil;38;30 m;79 m;671 m;616 m
4º, 5º, 6º y 7º tramo de la Senda Botánica del Parque del Retiro (43 especies arbóreas de un total de 80);Retiro;3,63 km; 2 horas 24 minutos;Fácil;Solo ida;La ruta con nombre 4º, 5º, 6º y 7º tramo de la Senda Botánica del Parque del Retiro (43 especies arbóreas de un total de 80) por el distrito de Retiro es de dificultad Fácil;33;306 m;313 m;683 m;644 m
Ruta historica;Retiro;3 km;62;Fácil;Circular;La ruta con nombre Ruta historica por el distrito de Retiro es de dificultad Fácil;32;1 m;1 m;670 m;660 m
Ruta por el Retiro;Retiro;3,3 km;41;Fácil;Circular;La ruta con nombre Ruta por el Retiro por el distrito de Retiro es de dificultad Fácil;31;16 m;16 m;671 m;653 m
Circular Madrid / Estrella /Retiro/Centro;Retiro;11,27 km; 3 horas 38 minutos;Fácil;Circular;La ruta con nombre Circular Madrid / Estrella /Retiro/Centro por el distrito de Retiro es de dificultad Fácil;29;146 m;146 m;696 m;642 m
Los árboles del Retiro;Retiro;3,56 km;81;Fácil;Circular;La ruta con nombre Los árboles del Retiro por el distrito de Retiro es de dificultad Fácil;26;16 m;16 m;670 m;647 m
Retiro 2;Retiro;3,11 km; 34 minutos;Fácil;Circular;La ruta con nombre Retiro 2 por el distrito de Retiro es de dificultad Fácil;24;7 m;7 m;670 m;656 m
2020-06-27 El Retiro;Retiro;6,67 km; 2 horas 13 minutos;Fácil;Circular;La ruta con nombre 2020-06-27 El Retiro por el distrito de Retiro es de dificultad Fácil;22;22 m;22 m;687 m;651 m
Ruta por el Retiro;Retiro;2,73 km;28;Fácil;Circular;La ruta con nombre Ruta por el Retiro por el distrito de Retiro es de dificultad Fácil;15;22 m;22 m;670 m;653 m
Monumentos históricos del Retiro;Retiro;3,35 km; 45 minutos;Fácil;Circular;La ruta con nombre Monumentos históricos del Retiro por el distrito de Retiro es de dificultad Fácil;14;21 m;21 m;671 m;652 m
Madrid, urbana, El Retiro en otoño;Salamanca;4,33 km; 2 horas 30 minutos;Fácil;Solo ida;La ruta con nombre Madrid, urbana, El Retiro en otoño por el distrito de Salamanca es de dificultad Fácil;5;265 m;151 m;778 m;618 m
Circular Plaza del marqués de Salamanca - Casa de Campo - Madrid Río - Parque de El Retiro;Salamanca;25,57 km; 4 horas;Fácil;Circular;La ruta con nombre Circular Plaza del marqués de Salamanca - Casa de Campo - Madrid Río - Parque de El Retiro por el distrito de Salamanca es de dificultad Fácil;42;235 m;235 m;689 m;581 m
Ángel caído, Plaza Mayor y Plaza de Cibeles desde Salamanca;Salamanca;9,95 km; 3 horas 42 minutos;Moderado;Circular;La ruta con nombre Ángel caído, Plaza Mayor y Plaza de Cibeles desde Salamanca por el distrito de Salamanca es de dificultad Moderado;19;50 m;50 m;696 m;629 m
Ángel caído, Lago del Retiro y Palacio de Cristal desde Salamanca;Salamanca;8,89 km; 2 horas 35 minutos;Moderado;Circular;La ruta con nombre Ángel caído, Lago del Retiro y Palacio de Cristal desde Salamanca por el distrito de Salamanca es de dificultad Moderado;19;17 m;17 m;694 m;658 m
Montaña Artificial, Ángel caído y Lago del Retiro desde Salamanca;Salamanca;7,29 km; 2 horas 16 minutos;Moderado;Circular;La ruta con nombre Montaña Artificial, Ángel caído y Lago del Retiro desde Salamanca por el distrito de Salamanca es de dificultad Moderado;19;17 m;17 m;695 m;659 m
Salamanca - El Rastro;Salamanca;7,11 km; una hora 34 minutos;Fácil;Solo ida;La ruta con nombre Salamanca - El Rastro por el distrito de Salamanca es de dificultad Fácil;16;282 m;366 m;811 m;678 m
De la ofi a Casa;Salamanca;15,08 km; 2 horas 17 minutos;Moderado;Solo ida;La ruta con nombre De la ofi a Casa por el distrito de Salamanca es de dificultad Moderado;26;140 m;182 m;675 m;572 m
Madrid centro;Salamanca;14,58 km; 5 horas;Fácil;Solo ida;La ruta con nombre Madrid centro por el distrito de Salamanca es de dificultad Fácil;19;41 m;71 m;708 m;634 m
fuente del berro;Salamanca;7,82 km; una hora 37 minutos;Fácil;Circular;La ruta con nombre fuente del berro por el distrito de Salamanca es de dificultad Fácil;18;1.089 m;1.089 m;770 m;647 m
Arcano Nadir 4;Salamanca;12,74 km; una hora 59 minutos;Moderado;Solo ida;La ruta con nombre Arcano Nadir 4 por el distrito de Salamanca es de dificultad Moderado;16;140 m;151 m;680 m;586 m
Dehesa de la Villa (GR-124 Senda Real) - Casa de Campo (Colonia Jardín);Tetuan;16,06 km; 3 horas 52 minutos;Fácil;Solo ida;La ruta con nombre Dehesa de la Villa (GR-124 Senda Real) - Casa de Campo (Colonia Jardín) por el distrito de Tetuan es de dificultad Fácil;4,7;211 m;239 m;770 m;581 m
Madrid, parque de la Dehesa de la Villa, recorrido circular;Tetuan;4,42 km; una hora 13 minutos;Fácil;Circular;La ruta con nombre Madrid, parque de la Dehesa de la Villa, recorrido circular por el distrito de Tetuan es de dificultad Fácil;3;105 m;105 m;718 m;658 m
Dehesa de La Villa-Moncloa;Tetuan;5,2 km; una hora 3 minutos;Fácil;Solo ida;La ruta con nombre Dehesa de La Villa-Moncloa por el distrito de Tetuan es de dificultad Fácil;27;24 m;79 m;714 m;633 m
Cuzco - alto desnivel - solo expertos montañeros;Tetuan;0,22 km; 3 minutos;Solo expertos;Circular;La ruta con nombre Cuzco - alto desnivel - solo expertos montañeros por el distrito de Tetuan es de dificultad Solo expertos;3,3;1 m;1 m;715 m;683 m
Dehesa de la Villa-La Rosaleda (M);Tetuan;7,3 km; 2 horas 26 minutos;Fácil;Solo ida;La ruta con nombre Dehesa de la Villa-La Rosaleda (M) por el distrito de Tetuan es de dificultad Fácil;19;188 m;228 m;748 m;616 m
Cerro de los locos, Fuente de la Tomasa y Mirador Dehesa de la Villa desde Tetuán de las Victorias;Tetuan;12,25 km; 2 horas 2 minutos;Moderado;Circular;La ruta con nombre Cerro de los locos, Fuente de la Tomasa y Mirador Dehesa de la Villa desde Tetuán de las Victorias por el distrito de Tetuan es de dificultad Moderado;19;86 m;86 m;732 m;683 m
Garabitas desde Puerta de Hierro;Tetuan;16,03 km;134;Fácil;Circular;La ruta con nombre Garabitas desde Puerta de Hierro por el distrito de Tetuan es de dificultad Fácil;14;71 m;74 m;658 m;580 m
Monumento José Calvo Sotelo, Parroquia de los Sagrados Corazones y Iglesia Espíritu Santo Madrid desde Tetuán de las Victorias;Tetuan;12,12 km;69;Fácil;Circular;La ruta con nombre Monumento José Calvo Sotelo, Parroquia de los Sagrados Corazones y Iglesia Espíritu Santo Madrid desde Tetuán de las Victorias por el distrito de Tetuan es de dificultad Fácil;9;50 m;50 m;730 m;671 m
PLAZA CUZCO-CASA CAMPO-ESTACION DEL NORTE;Tetuan;11,05 km; 2 horas 8 minutos;Moderado;Solo ida;La ruta con nombre PLAZA CUZCO-CASA CAMPO-ESTACION DEL NORTE por el distrito de Tetuan es de dificultad Moderado;43;64 m;182 m;721 m;578 m
SAN GERMAN-PZA CATILLA-PPE PÍO-M MOLINA ATCHA.P TOLEDO -PZA ESPAÑS;Tetuan;19,03 km; 3 horas 4 minutos;Moderado;Solo ida;La ruta con nombre SAN GERMAN-PZA CATILLA-PPE PÍO-M MOLINA ATCHA.P TOLEDO -PZA ESPAÑS por el distrito de Tetuan es de dificultad Moderado;40;105 m;181 m;731 m;605 m
170430 Casa de Campo Lago-Húmera-Garabitas-Arroyo de Antequina-Lago;Latina;14,37 km; 3 horas 8 minutos;Fácil;Circular;La ruta con nombre 170430 Casa de Campo Lago-Húmera-Garabitas-Arroyo de Antequina-Lago por el distrito de Latina es de dificultad Fácil;48;271 m;271 m;730 m;629 m
CASA DE CAMPO ENTRE ERMITAS;Latina;14,39 km; 3 horas 52 minutos;Fácil;Solo ida;La ruta con nombre CASA DE CAMPO ENTRE ERMITAS por el distrito de Latina es de dificultad Fácil;39;165 m;192 m;719 m;623 m
Sergio Salas Manuel López Roberto Ciguenza;Latina;5,65 km; una hora 4 minutos;Moderado;Circular;La ruta con nombre Sergio Salas Manuel López Roberto Ciguenza por el distrito de Latina es de dificultad Moderado;36;44 m;44 m;657 m;629 m
Paseo urbano por el Centro de Madrid;Latina;15,73 km; 4 horas 50 minutos;Fácil;Solo ida;La ruta con nombre Paseo urbano por el Centro de Madrid por el distrito de Latina es de dificultad Fácil;32;181 m;240 m;785 m;603 m
Lago - Humera (Casa de Campo);Latina;8,44 km; una hora 45 minutos;Fácil;Solo ida;La ruta con nombre Lago - Humera (Casa de Campo) por el distrito de Latina es de dificultad Fácil;30;60 m;86 m;668 m;595 m
Ruta temática alrededores Santa Bárbara;Latina;4,38 km; 51 minutos;Fácil;Circular;La ruta con nombre Ruta temática alrededores Santa Bárbara por el distrito de Latina es de dificultad Fácil;27;25 m;25 m;648 m;624 m
Madrid Cultural;Latina;6,85 km;87;Fácil;Circular;La ruta con nombre Madrid Cultural por el distrito de Latina es de dificultad Fácil;26;323 m;339 m;692 m;579 m
Puente de Segovia-Casa Campo;Latina;8,89 km; una hora 37 minutos;Fácil;Circular;La ruta con nombre Puente de Segovia-Casa Campo por el distrito de Latina es de dificultad Fácil;26;152 m;152 m;709 m;626 m
Rutas Históricas Rutas Literarias RUTA 1 Ruta Galdós 2 (tramo a pie 1);Latina;7,05 km;228;Moderado;Solo ida;La ruta con nombre Rutas Históricas Rutas Literarias RUTA 1 Ruta Galdós 2 (tramo a pie 1) por el distrito de Latina es de dificultad Moderado;21;42 m;23 m;672 m;648 m
Ruta Organización de Itinerarios;Latina;4,2 km;21;Muy difícil;Solo ida;La ruta con nombre Ruta Organización de Itinerarios por el distrito de Latina es de dificultad Muy difícil;21;25 m;56 m;639 m;578 m
